0,1
,0.0
1997-1,100.0
1997-2,102.35838839594626
1997-3,112.2109161621571
1997-4,111.51763060430056
1997-5,116.63495949783074
1997-6,123.54733267865264
1997-7,117.3984012988232
1997-8,119.99173562019368
1997-9,119.82633521349008
1997-10,122.9048353551356
1997-11,115.43175599028513
1997-12,110.74083082687704
1998-1,100.68190220532432
1998-2,97.58378852055064
1998-3,95.95806281337198
1998-4,94.95548625825754
1998-5,90.00455353349629
1998-6,80.65780846614159
1998-7,75.71903318011519
1998-8,70.44676975463236
1998-9,66.9701833015019
1998-10,67.15987685363774
1998-11,71.10141508060977
1998-12,72.98432665641951
1999-1,72.37801134073396
1999-2,73.92220322881258
1999-3,71.03878572317494
1999-4,73.87047817886541
1999-5,73.66165642462167
1999-6,74.44869537016704
1999-7,73.69605659712695
1999-8,73.59409884290413
1999-9,71.21621524435855
1999-10,69.66096545332276
1999-11,65.97096163998218
1999-12,70.11114337513679
2000-1,71.0419747017531
2000-2,79.06967589952244
2000-3,71.72236009293333
2000-4,68.54086285879228
2000-5,66.89749802032762
2000-6,64.04680082627497
2000-7,67.3941082585698
2000-8,65.59043633988459
2000-9,67.46483683656425
2000-10,66.07188996898208
2000-11,59.24222995314354
2000-12,61.13407396267253
2001-1,62.81266180316527
2001-2,63.50750544069823
2001-3,62.93878163960996
2001-4,62.66336070717124
2001-5,61.968512729098265
2001-6,61.82876075664553
2001-7,62.30516945456797
2001-8,60.97315439203077
2001-9,60.5534274893276
2001-10,57.09126650121894
2001-11,56.82504792201792
2001-12,58.094680532321306
2002-1,57.76264407349648
2002-2,58.39415872917816
2002-3,56.46170709476917
2002-4,56.81765263966867
2002-5,56.33899377832719
2002-6,56.89589448283565
2002-7,55.52679742540544
2002-8,55.49784241248836
2002-9,53.77943627121178
2002-10,52.87316942411709
2002-11,50.78247190791924
2002-12,51.82139055316948
2003-1,50.43777215810912
2003-2,48.61957065470903
2003-3,49.54585708699409
2003-4,49.34313933614349
2003-5,49.03072026611531
2003-6,48.92950049973663
2003-7,48.58871054399633
2003-8,48.29564809752255
2003-9,50.97928254235024
2003-10,53.518000048043454
2003-11,54.56401987557628
2003-12,55.743503348037805
2004-1,60.48087733392975
2004-2,64.91226824931839
2004-3,64.73689265280683
2004-4,66.85820289268943
2004-5,69.70017223086391
2004-6,69.90788598980988
2004-7,62.64300172138163
2004-8,76.07110763580788
2004-9,68.39330268227529
2004-10,73.26179097617805
2004-11,71.56683158651657
2004-12,73.15632805456468
2005-1,75.29862720428183
2005-2,76.87046060524112
2005-3,73.82263647767016
2005-4,75.02599558251049
2005-5,75.54455983924989
2005-6,75.65452099013231
2005-7,73.05230228526518
2005-8,74.82909639788437
2005-9,78.55599362949808
2005-10,76.43626780863904
2005-11,73.79986436877967
2005-12,72.7280115359729
2006-1,74.05042859066275
2006-2,75.32911445627579
2006-3,74.39797915103435
2006-4,76.02587914379035
2006-5,75.79212575149164
2006-6,76.58034750339365
2006-7,77.39349746011864
2006-8,76.36211433430971
2006-9,75.91799785721605
2006-10,78.00803221099599
2006-11,75.91995611360112
2006-12,77.3129238753496
2007-1,80.05822559513558
2007-2,78.87585567626584
2007-3,79.02400091420131
2007-4,81.05882859272606
2007-5,83.36170967769007
2007-6,83.20662450486697
2007-7,84.29096822583523
2007-8,84.79481055406248
2007-9,86.8854282693305
2007-10,90.2119600988153
2007-11,94.94136414916638
2007-12,97.92126990737243
2008-1,103.14654915305428
2008-2,105.92315937931784
2008-3,105.8915510320655
2008-4,103.7447096593609
2008-5,103.73616827160257
2008-6,106.82362888024544
2008-7,107.38148850282676
2008-8,100.58334209966684
2008-9,102.71799228334476
2008-10,90.48038851799824
2008-11,83.9367069120476
2008-12,85.01136046610327
2009-1,86.50543792924286
2009-2,87.0404088813585
2009-3,88.29592185445485
2009-4,91.98631130217166
2009-5,96.51821176012962
2009-6,101.93388380710556
2009-7,103.62847760260549
2009-8,104.56466439532537
2009-9,107.95430405374697
2009-10,109.27592030124552
2009-11,110.44573864350689
2009-12,109.57432948253052
2010-1,111.6213260307762
2010-2,117.00247245436483
2010-3,121.33555269390416
2010-4,117.86104028455276
2010-5,119.02848453901068
2010-6,118.2759082105798
2010-7,124.9894393308811
2010-8,127.0276758428731
2010-9,127.25304314339168
2010-10,128.94108564584
2010-11,130.7275532202705
2010-12,131.33122559719504
2011-1,135.214414127316
2011-2,141.25782538759614
2011-3,145.2808804117564
2011-4,148.1798658888245
2011-5,151.39336422211494
2011-6,150.37488714481938
2011-7,150.3312941770942
2011-8,151.68747459248263
2011-9,145.87640711150704
2011-10,148.88842077091314
2011-11,149.97684825706125
2011-12,142.0580106434646
2012-1,142.2453999783261
2012-2,145.268706316518
2012-3,151.57938165362123
2012-4,158.25675242734562
2012-5,159.2665612163305
2012-6,159.91790155986442
2012-7,161.9068958821043
2012-8,162.6148437006263
2012-9,167.76850676909342
2012-10,172.35264524908592
2012-11,175.50898498481294
2012-12,172.7515672437275
2013-1,177.86738721364935
2013-2,181.66113508666007
2013-3,184.9504572228741
2013-4,183.68753935321809
2013-5,181.7176861073348
2013-6,181.56332204555488
2013-7,180.01139174589323
2013-8,181.720628133118
2013-9,180.6573206945768
2013-10,185.48886053962
2013-11,181.7299713166205
2013-12,185.0921449425792
2014-1,180.3897514250802
2014-2,178.99707537336582
2014-3,183.67987901582583
2014-4,178.07625913984631
2014-5,181.33996341525943
2014-6,182.71736849755808
2014-7,184.6376446118392
2014-8,190.8325382620773
2014-9,194.07222537716385
2014-10,196.4577375134019
2014-11,196.79758372692515
2014-12,200.424104350488
2015-1,200.71709232587543
2015-2,204.42681535102145
2015-3,206.40858694415692
2015-4,205.928156545018
2015-5,205.6913724057659
2015-6,206.5937519411617
2015-7,211.5711253274076
2015-8,212.12158389286463
2015-9,209.72483593287492
2015-10,200.98430434838696
2015-11,208.88031253296143
2015-12,205.80119204324487
2016-1,199.44363985007905
2016-2,192.6591352006416
2016-3,192.3813558213704
2016-4,193.50653235213963
2016-5,194.4151850175692
2016-6,192.3041391677256
2016-7,196.48975665383892
2016-8,198.9822634500066
2016-9,207.9905656522573
2016-10,213.32753759425864
2016-11,211.2391308254658
2016-12,215.8961626094742
2017-1,214.2198369245844
2017-2,212.56892912480217
2017-3,218.87702835873296
2017-4,222.7914828630593
2017-5,224.37867690613345
2017-6,229.47979567116508
2017-7,228.1200113985642
2017-8,229.8977278773174
2017-9,228.57449471671512
2017-10,229.3844365627924
2017-11,229.77798070560075
2017-12,235.5765015270636
2018-1,239.3951372222112
2018-2,245.0855980865672
2018-3,248.4447505913624
2018-4,253.12939360446785
2018-5,252.43674859330253
2018-6,257.5741241589999
2018-7,264.81530863198094
2018-8,262.38666812667384
2018-9,254.3225619402129
2018-10,259.43708896308607
2018-11,240.7386207792105
2018-12,233.7605622970913
2019-1,243.36658025567075
2019-2,248.10463282509784
2019-3,252.0548225720165
2019-4,258.01542045536934
2019-5,265.47687524937385
2019-6,262.2659284050275
2019-7,263.9634007543583
2019-8,271.85384785609506
2019-9,254.4059977434324
2019-10,254.13468025309675
2019-11,262.0784463951956
2019-12,248.07723483182207
2020-1,254.05009779411708
2020-2,246.99829624188908
2020-3,255.50321696716009
2020-4,248.45761234440053
2020-5,256.90347881790115
2020-6,253.8995789990103
2020-7,254.657251501744
2020-8,246.63409010340368
2020-9,253.7270298758708
2020-10,252.4726510944661
2020-11,248.2039800372354
2020-12,250.87445530334827
2021-1,249.8287476557787
2021-2,249.33829809389115
2021-3,253.90848347508492
2021-4,255.7449443381089
2021-5,254.4050472864483
2021-6,263.734635773436
2021-7,260.9925238485205
2021-8,258.06864950729283
2021-9,260.1968237328334
2021-10,258.5500059079884
2021-11,254.5512866969383
2021-12,258.4942131074966
2022-1,249.7013531246285
2022-2,251.3490099344744
2022-3,248.04528869150903
2022-4,248.7648056087231
2022-5,248.8098170009839
2022-6,248.0515358751748
2022-7,240.5859178511872
2022-8,238.0213841959989
2022-9,228.02011280149043
2022-10,223.687217112019
2022-11,216.73118042877485
2022-12,212.4823370830122
2023-1,220.5837265137428
2023-2,224.05267069905173
2023-3,227.66595277753305
2023-4,231.28500286368285
2023-5,221.7126597344886
2023-6,218.151757160304
2023-7,212.14195549979493
2023-8,213.1177511089872
2023-9,203.11404724306053
2023-10,206.1281258323054
2023-11,198.21583162769457
2023-12,197.5814508126753
2024-1,189.5362663689596
2024-2,199.6952257414681
2024-3,196.4376475623569
2024-4,195.99829820884088
2024-5,196.10597392281085
2024-6,190.4228764427133
2024-7,185.37540092808425
2024-8,186.7727180534021
2024-9,180.01330662322968
2024-10,181.8944932476577
2024-11,185.72584478226867
2024-12,182.2064973661856
2025-1,181.0478775351028
2025-2,180.2571097753707
2025-3,176.93102025454937
2025-4,179.22121332616916
2025-5,179.26769538453382
2025-6,179.24779852915657
2025-7,183.26950939946417
2025-8,187.18906239082827
2025-9,182.3973583480413
2025-10,187.0734013021377
2025-11,186.75338538079524
2025-12,188.7169414985724
2026-1,192.81150657002456
2026-2,255.99243747413607
2026-3,100.0
2026-4,100.0
2026-5,100.0
2026-6,100.0
2026-7,100.0
2026-8,100.0
2026-9,100.0
2026-10,100.0
2026-11,100.0
2026-12,100.0
2027-1,100.0
2027-2,100.0
2027-3,100.0
2027-4,100.0
2027-5,100.0
2027-6,100.0
2027-7,100.0
2027-8,100.0
2027-9,100.0
2027-10,100.0
2027-11,100.0
2027-12,100.0
